{
    "name": "root",
    "gauges": {
        "Reversi.Policy.Entropy.mean": {
            "value": 0.9539168477058411,
            "min": 0.19944527745246887,
            "max": 0.9755277633666992,
            "count": 9
        },
        "Reversi.Policy.Entropy.sum": {
            "value": 1144.7001953125,
            "min": 7.977810859680176,
            "max": 1208.54638671875,
            "count": 9
        },
        "Reversi.Environment.EpisodeLength.mean": {
            "value": 29.0,
            "min": 19.666666666666668,
            "max": 29.0,
            "count": 9
        },
        "Reversi.Environment.EpisodeLength.sum": {
            "value": 1160.0,
            "min": 116.0,
            "max": 1180.0,
            "count": 9
        },
        "Reversi.Self-play.ELO.mean": {
            "value": 1866.8188569571425,
            "min": 1860.5227470519894,
            "max": 1866.8188569571425,
            "count": 9
        },
        "Reversi.Self-play.ELO.sum": {
            "value": 37336.37713914285,
            "min": 3721.045494103979,
            "max": 37336.37713914285,
            "count": 9
        },
        "Reversi.Step.mean": {
            "value": 1340974.0,
            "min": 1336983.0,
            "max": 1340974.0,
            "count": 9
        },
        "Reversi.Step.sum": {
            "value": 1340974.0,
            "min": 1336983.0,
            "max": 1340974.0,
            "count": 9
        },
        "Reversi.Policy.ExtrinsicValueEstimate.mean": {
            "value": 0.014765225350856781,
            "min": -0.010521823540329933,
            "max": 0.14729635417461395,
            "count": 9
        },
        "Reversi.Policy.ExtrinsicValueEstimate.sum": {
            "value": 0.2362436056137085,
            "min": -0.1788710057735443,
            "max": 2.504038095474243,
            "count": 9
        },
        "Reversi.Environment.CumulativeReward.mean": {
            "value": -0.25,
            "min": -0.29411764705882354,
            "max": 0.4117647058823529,
            "count": 9
        },
        "Reversi.Environment.CumulativeReward.sum": {
            "value": -4.0,
            "min": -5.0,
            "max": 7.0,
            "count": 9
        },
        "Reversi.Policy.ExtrinsicReward.mean": {
            "value": -0.25,
            "min": -0.29411764705882354,
            "max": 0.4117647058823529,
            "count": 9
        },
        "Reversi.Policy.ExtrinsicReward.sum": {
            "value": -4.0,
            "min": -5.0,
            "max": 7.0,
            "count": 9
        },
        "Reversi.IsTraining.mean": {
            "value": 1.0,
            "min": 1.0,
            "max": 1.0,
            "count": 9
        },
        "Reversi.IsTraining.sum": {
            "value": 1.0,
            "min": 1.0,
            "max": 1.0,
            "count": 9
        }
    },
    "metadata": {
        "timer_format_version": "0.1.0",
        "start_time_seconds": "1755258661",
        "python_version": "3.10.12 (main, Aug 13 2025, 15:53:39) [Clang 16.0.0 (clang-1600.0.26.6)]",
        "command_line_arguments": "/Users/maximilianselvi/Desktop/Projects/mlagents-3.10.12/bin/mlagents-learn reversi.yaml --run-id=reversi06 --resume",
        "mlagents_version": "1.1.0",
        "mlagents_envs_version": "1.1.0",
        "communication_protocol_version": "1.5.0",
        "pytorch_version": "2.8.0",
        "numpy_version": "1.23.5",
        "end_time_seconds": "1755258689"
    },
    "total": 27.183009583037347,
    "count": 1,
    "self": 0.0027084160246886313,
    "children": {
        "run_training.setup": {
            "total": 0.03579720901325345,
            "count": 1,
            "self": 0.03579720901325345
        },
        "TrainerController.start_learning": {
            "total": 27.144503957999405,
            "count": 1,
            "self": 0.005304587364662439,
            "children": {
                "TrainerController._reset_env": {
                    "total": 8.310169833071996,
                    "count": 2,
                    "self": 8.310169833071996
                },
                "TrainerController.advance": {
                    "total": 18.741060828557238,
                    "count": 494,
                    "self": 0.004374034295324236,
                    "children": {
                        "env_step": {
                            "total": 18.54650525469333,
                            "count": 494,
                            "self": 18.13850761775393,
                            "children": {
                                "SubprocessEnvManager._take_step": {
                                    "total": 0.4045236688689329,
                                    "count": 494,
                                    "self": 0.0179878794006072,
                                    "children": {
                                        "TorchPolicy.evaluate": {
                                            "total": 0.3865357894683257,
                                            "count": 830,
                                            "self": 0.3865357894683257
                                        }
                                    }
                                },
                                "workers": {
                                    "total": 0.0034739680704660714,
                                    "count": 493,
                                    "self": 0.0,
                                    "children": {
                                        "worker_root": {
                                            "total": 20.32114803942386,
                                            "count": 493,
                                            "is_parallel": true,
                                            "self": 2.5920876609161496,
                                            "children": {
                                                "steps_from_proto": {
                                                    "total": 0.0035751659306697547,
                                                    "count": 3,
                                                    "is_parallel": true,
                                                    "self": 0.0013649148750118911,
                                                    "children": {
                                                        "_process_rank_one_or_two_observation": {
                                                            "total": 0.0022102510556578636,
                                                            "count": 6,
                                                            "is_parallel": true,
                                                            "self": 0.0022102510556578636
                                                        }
                                                    }
                                                },
                                                "UnityEnvironment.step": {
                                                    "total": 17.72548521257704,
                                                    "count": 493,
                                                    "is_parallel": true,
                                                    "self": 0.0350821174797602,
                                                    "children": {
                                                        "UnityEnvironment._generate_step_input": {
                                                            "total": 0.17685400822665542,
                                                            "count": 493,
                                                            "is_parallel": true,
                                                            "self": 0.17685400822665542
                                                        },