{
    "name": "root",
    "metadata": {
        "timer_format_version": "0.1.0",
        "start_time_seconds": "1755246018",
        "python_version": "3.10.12 (main, Aug 13 2025, 15:53:39) [Clang 16.0.0 (clang-1600.0.26.6)]",
        "command_line_arguments": "/Users/maximilianselvi/Desktop/Projects/mlagents-3.10.12/bin/mlagents-learn reversi.yaml --run-id=reversi05 --force --debug",
        "mlagents_version": "1.1.0",
        "mlagents_envs_version": "1.1.0",
        "communication_protocol_version": "1.5.0",
        "pytorch_version": "2.8.0",
        "numpy_version": "1.23.5",
        "end_time_seconds": "1755246041"
    },
    "total": 22.86897150002187,
    "count": 1,
    "self": 0.0028143750387243927,
    "children": {
        "run_training.setup": {
            "total": 0.03603600000496954,
            "count": 1,
            "self": 0.03603600000496954
        },
        "TrainerController.start_learning": {
            "total": 22.830121124978177,
            "count": 1,
            "self": 0.010401707841083407,
            "children": {
                "TrainerController._reset_env": {
                    "total": 8.780865500040818,
                    "count": 1,
                    "self": 8.780865500040818
                },
                "TrainerController.advance": {
                    "total": 13.955339167092461,
                    "count": 531,
                    "self": 0.0048708313261158764,
                    "children": {
                        "env_step": {
                            "total": 13.920491083350498,
                            "count": 531,
                            "self": 13.649870385241229,
                            "children": {
                                "SubprocessEnvManager._take_step": {
                                    "total": 0.2669964869855903,
                                    "count": 531,
                                    "self": 0.009765609283931553,
                                    "children": {
                                        "TorchPolicy.evaluate": {
                                            "total": 0.25723087770165876,
                                            "count": 531,
                                            "self": 0.25723087770165876
                                        }
                                    }
                                },
                                "workers": {
                                    "total": 0.0036242111236788332,
                                    "count": 530,
                                    "self": 0.0,
                                    "children": {
                                        "worker_root": {
                                            "total": 11.167956331861205,
                                            "count": 530,
                                            "is_parallel": true,
                                            "self": 1.1142599611193873,
                                            "children": {
                                                "steps_from_proto": {
                                                    "total": 0.001365666976198554,
                                                    "count": 1,
                                                    "is_parallel": true,
                                                    "self": 0.0006262509850785136,
                                                    "children": {
                                                        "_process_rank_one_or_two_observation": {
                                                            "total": 0.0007394159911200404,
                                                            "count": 2,
                                                            "is_parallel": true,
                                                            "self": 0.0007394159911200404
                                                        }
                                                    }
                                                },
                                                "UnityEnvironment.step": {
                                                    "total": 10.05233070376562,
                                                    "count": 530,
                                                    "is_parallel": true,
                                                    "self": 0.020479133178014308,
                                                    "children": {
                                                        "UnityEnvironment._generate_step_input": {
                                                            "total": 0.029627288633491844,
                                                            "count": 530,
                                                            "is_parallel": true,
                                                            "self": 0.029627288633491844
                                                        },
                                                        "communicator.exchange": {
                                                            "total": 9.917581326153595,
                                                            "count": 530,
                                                            "is_parallel": true,
                                                            "self": 9.917581326153595
                                                        },
                                                        "steps_from_proto": {
                                                            "total": 0.0846429558005184,
                                                            "count": 1060,
                                                            "is_parallel": true,
                                                            "self": 0.047153242165222764,
                                                            "children": {
                                                                "_process_rank_one_or_two_observation": {
                                                                    "total": 0.03748971363529563,
                                                                    "count": 2120,
                                                                    "is_parallel": true,
                                                                    "self": 0.03748971363529563
                                                                }
                                                            }
                                                        }
                                                    }
                                                }
                                            }
                                        }
                                    }
                                }
                            }
                        },
                        "trainer_advance": {
                            "total": 0.029977252415847033,
                            "count": 530,
                            "self": 0.015427297388669103,
                            "children": {
                                "process_trajectory": {
                                    "total": 0.01454995502717793,
                                    "count": 530,
                                    "self": 0.01454995502717793
                                }
                            }
                        }
                    }
                },
                "trainer_threads": {
                    "total": 3.334018401801586e-06,
                    "count": 1,
                    "self": 3.334018401801586e-06
                },
                "TrainerController._save_models": {
                    "total": 0.0835114159854129,
                    "count": 1,
                    "self": 0.0007160819950513542,